<?xml version="1.0" encoding="UTF-8"?>
<project-private xmlns="http://www.netbeans.org/ns/project-private/1">
    <editor-bookmarks xmlns="http://www.netbeans.org/ns/editor-bookmarks/2" lastBookmarkId="0"/>
    <open-files xmlns="http://www.netbeans.org/ns/projectui-open-files/2">
        <group>
            <file>file:/C:/Users/zelen/OneDrive/Desktop/COE318/lab5/Blackjack/src/coe318/lab5/BlackjackGame.java</file>
            <file>file:/C:/Users/zelen/OneDrive/Desktop/COE318/lab5/Blackjack/src/blackjack/Blackjack.java</file>
            <file>file:/C:/Users/zelen/OneDrive/Desktop/COE318/lab5/Blackjack/src/coe318/lab5/Card.java</file>
            <file>file:/C:/Users/zelen/OneDrive/Desktop/COE318/lab5/Blackjack/src/coe318/lab5/CardPile.java</file>
            <file>file:/C:/Users/zelen/OneDrive/Desktop/COE318/lab5/Blackjack/src/coe318/lab5/UserInterface.java</file>
            <file>file:/C:/Users/zelen/OneDrive/Desktop/COE318/lab5/Blackjack/src/coe318/lab5/SimpleUI.java</file>
        </group>
    </open-files>
</project-private>
